time,close,volume
1782784800,1588,2067.21670453
1782788400,1584.32,1697.12310993
1782792000,1585.1,3281.15145982
1782795600,1589.13,2280.59599347
1782799200,1591.45,1274.54971296
1782802800,1589.83,1470.02125719
1782806400,1581.05,4513.84059393
1782810000,1582.95,2321.47080702
1782813600,1581.93,1673.92365744
1782817200,1575.7,3598.40339074
1782820800,1550.24,9188.68242539
1782824400,1564.78,14213.28299785
1782828000,1560.37,10532.80723555
1782831600,1562.18,6789.98245226
1782835200,1569.7,4169.95816124
1782838800,1568.53,3639.44911017
1782842400,1576.34,3446.52966254
1782846000,1578.02,4931.46750108
1782849600,1573.41,4504.30105665
1782853200,1568.79,5993.34247305
1782856800,1564.96,2249.54399721
1782860400,1569.45,2137.73190528
1782864000,1572.54,2298.84654183
1782867600,1575.44,5359.33086513
1782871200,1583.78,4125.70280236
1782874800,1592.33,6354.58920568
1782878400,1596.92,3643.94481835
1782882000,1590.26,3875.83477454
1782885600,1573.66,6843.16805166
1782889200,1576.19,2721.5139367
1782892800,1580.11,4319.90456174
1782896400,1578.94,2608.74168718
1782900000,1571.14,5120.57006638
1782903600,1567.73,3031.14711368
1782907200,1568.3,5025.64818405
1782910800,1595.6,12883.27018937
1782914400,1599.83,17901.60157475
1782918000,1618.58,13718.99494948
1782921600,1612.96,6085.64513667
1782925200,1621.27,7296.63965332
1782928800,1614.81,6313.50684278
1782932400,1616.4,6454.752268
1782936000,1616.24,4096.03662659
1782939600,1630.33,5233.80220309
1782943200,1619.94,7684.05806191
1782946800,1607.64,3748.08167588
1782950400,1601.87,5134.22814988
1782954000,1618.5,5012.20493879
1782957600,1618.87,2957.26142731
1782961200,1637.55,6857.57168826
1782964800,1630.89,3558.47380861
1782968400,1624.84,2587.31882047
1782972000,1616.95,1777.66673036
1782975600,1613.87,2853.89451845
1782979200,1622.96,3618.50920248
1782982800,1640.95,8812.38975783
1782986400,1644.16,2279.66905541
1782990000,1648.44,4291.98343011
1782993600,1660.98,8644.77893123
1782997200,1708.98,25619.52674702
1783000800,1699.79,15883.17949049
1783004400,1695.12,8585.80313208
1783008000,1698.09,7042.46995308
1783011600,1694.31,5293.50161222
1783015200,1700.48,4540.42112093
1783018800,1698.52,11959.37039753
1783022400,1703.86,5875.69862788
1783026000,1698.5,2096.39258232
1783029600,1694.79,1530.1709067
1783033200,1698.63,1796.4311117
1783036800,1694.71,2095.58391812
1783040400,1710.39,3719.68521764
1783044000,1702.7,2676.44327623
1783047600,1704.32,1928.30062875
1783051200,1701.1,1794.29209725
1783054800,1712.72,3431.97329935
1783058400,1713.93,2341.114936
1783062000,1715.98,2111.20001787
1783065600,1717.87,4233.91830846
1783069200,1724.42,2801.67518478
1783072800,1740.22,5023.16094272
1783076400,1740.51,2790.01217117
1783080000,1734.49,2429.22122567
1783083600,1746.26,3365.22256522
1783087200,1735.4,4593.97354377
1783090800,1729.42,3082.51324582
1783094400,1731.98,1729.44770566
1783098000,1736.76,1895.76343603
1783101600,1737.18,1060.4876784
1783105200,1743.5,4380.58795339
1783108800,1764.39,6435.66693632
1783112400,1761.61,3954.27631218
1783116000,1755.73,1587.03974492
1783119600,1756.14,1242.15218121
1783123200,1756.9,1308.54209311
1783126800,1746.12,2352.19592001
1783130400,1747.55,1119.96778842
1783134000,1752.11,901.41940192
1783137600,1759.89,839.70871102
1783141200,1754.6,787.53053497
1783144800,1753.21,1212.11230326
1783148400,1756.84,1068.44567237
1783152000,1760.8,798.83556585
1783155600,1756.52,877.45467979
1783159200,1757.61,776.61098384
1783162800,1756.63,891.66135803
1783166400,1762.81,855.23301121
1783170000,1762.68,3436.12120398
1783173600,1771.04,1812.41497148
1783177200,1789.7,7883.06016847
1783180800,1785.6,3158.28442801
1783184400,1797.82,6069.55109284
1783188000,1792.25,3236.53927735
1783191600,1791.31,2614.92138422
1783195200,1785.73,2009.788786
1783198800,1787.91,1225.61586744
1783202400,1783.14,1514.47715
1783206000,1779.34,3196.04478559
1783209600,1771.09,1988.60241236
1783213200,1765.06,1860.70920751
1783216800,1759.13,2247.91481907
1783220400,1759.94,869.36059149
1783224000,1765.83,1297.00747485
1783227600,1764.18,779.14445497
1783231200,1763.09,968.90569325
1783234800,1768.36,632.52258595
1783238400,1765.92,565.23430872
1783242000,1756.46,2490.06122721
1783245600,1759.98,460.19524053
1783249200,1758.6,682.89449184
1783252800,1763.44,825.12619649
1783256400,1764.85,1208.88307421
1783260000,1771.03,1501.42523658
1783263600,1773.08,2337.05893914
1783267200,1771.41,1330.69393049
1783270800,1778.01,2636.08661085
1783274400,1779.73,1477.43903238
1783278000,1779.76,995.57697591
1783281600,1775.67,734.73364984
1783285200,1785.26,3575.63353845
1783288800,1788.1,6046.45761592
1783292400,1784.2,3337.53617418
1783296000,1791.85,2411.24815749
1783299600,1784.53,1342.22529322
1783303200,1782.2,1617.84228228
1783306800,1778.07,2716.1160773
1783310400,1776.3,1962.77006787
1783314000,1772.2,3452.39926103
1783317600,1767.8,2353.4794195
1783321200,1770.42,3227.64880158
1783324800,1763.91,3919.79851999
1783328400,1756.87,4112.33345027
1783332000,1769.4,3203.36210646
1783335600,1757.63,4329.55011963
1783339200,1739.2,14209.93964967
1783342800,1743.41,13277.27533892
1783346400,1750.18,6507.45969139
1783350000,1787.39,10127.32342105
1783353600,1791.69,12723.62063921
1783357200,1786.99,4887.34495616
1783360800,1791.53,3739.79696507
1783364400,1791.56,6188.10578557
1783368000,1791.88,4253.97871511
1783371600,1813.86,8925.44971055
1783375200,1805.18,3149.72322988
1783378800,1798.45,3095.67866634
1783382400,1802.39,4013.4608805
1783386000,1791.71,3866.95618729
1783389600,1777.21,3962.02286406
1783393200,1770.23,2351.44120364
1783396800,1765.13,2955.96887339
1783400400,1769.29,3146.31008681
1783404000,1777.69,3304.31383132
1783407600,1769.91,2359.38248013
1783411200,1768.91,2922.34689924
1783414800,1776.24,3613.06953043
1783418400,1774.35,1934.10268968
1783422000,1779.23,1594.76128065
1783425600,1780.12,3959.99357553
1783429200,1767.11,6134.64840252
1783432800,1787.88,8889.05596045
1783436400,1796.04,8620.68224849
1783440000,1800.93,7030.33705997
1783443600,1809.3,5297.10576169
1783447200,1785.31,4269.73228071
1783450800,1789.43,10598.80432991
1783454400,1782.99,3194.93367224
1783458000,1772.63,3017.07758563
1783461600,1774.28,2420.62684998
1783465200,1770.09,1384.80090586
1783468800,1779,2471.13328071
1783472400,1754.72,5753.08092027
1783476000,1756.41,4062.2538804
1783479600,1750.11,1861.90909743
1783483200,1755,2021.04371548
1783486800,1752.69,1659.26635752
1783490400,1750.3,2182.07128618
1783494000,1755.28,2261.82135841
1783497600,1733.63,10116.81558025
1783501200,1734.49,3003.32353711
1783504800,1737.99,1913.42658867
1783508400,1746.49,3302.79553311
1783512000,1736.85,3749.19768293
1783515600,1735.83,8496.16173873
1783519200,1727.77,8202.77929153
1783522800,1721.06,9892.02436364
1783526400,1734.62,6292.12670006
1783530000,1731.83,4994.51833323
1783533600,1735.97,3720.02834654
1783537200,1739.79,4149.98612923
1783540800,1734.91,2381.06731121
1783544400,1736.63,2387.31294459
1783548000,1739.76,2353.16201877
1783551600,1741.8,1934.79420018
1783555200,1736.69,2255.1376648
1783558800,1730.2,4048.72105065
1783562400,1725.65,3594.32133468
1783566000,1729.04,2590.6573503
1783569600,1740.98,2111.1726384
1783573200,1747.89,2833.21528417
1783576800,1753.77,1972.46907808
1783580400,1751.7,2426.55201426
1783584000,1752.98,2326.28657642
1783587600,1754.48,2493.50166375
1783591200,1744.72,2222.52560705
1783594800,1742.53,2346.80742272
1783598400,1740.21,5129.42132409
1783602000,1745.08,4351.5860965
1783605600,1741.5,7751.98683843
1783609200,1737.74,3962.77820949
1783612800,1737.47,4284.71794047
1783616400,1747.1,4825.82859824
1783620000,1750.04,4689.48707381
1783623600,1747.11,2429.7904557
1783627200,1747.45,2843.92911884
1783630800,1746.97,1649.09604952
1783634400,1746.16,1361.00556067
1783638000,1743.82,1503.55584088
1783641600,1741.48,2643.36466283
1783645200,1766.14,6402.67893502
1783648800,1771.48,3133.71619404
1783652400,1774.8,2396.88896176
1783656000,1773.49,2245.11040811
1783659600,1777.83,2251.92306382
1783663200,1770.01,2314.68500394
1783666800,1772.39,1565.21193581
1783670400,1782.76,2606.89210647
1783674000,1791.41,2387.24816782
1783677600,1795.68,6305.33381157
1783681200,1800.33,3536.60891308
1783684800,1792.6,5400.71822126
1783688400,1802.8,8511.89253879
1783692000,1783.67,10880.85095622
1783695600,1789.7,4181.74163956
1783699200,1796,3947.66126095
1783702800,1786.88,3885.73129474
1783706400,1783.67,4449.55936224
1783710000,1791.12,8425.70796308
1783713600,1788.85,3143.54698048
1783717200,1793,1765.16672486
1783720800,1793.97,1519.65787934
1783724400,1795.74,1896.45992401
1783728000,1792.08,1112.53008853
1783731600,1787.91,1465.37745752
1783735200,1794.28,1172.3637617
1783738800,1795.19,689.83751058
1783742400,1795.19,613.66714167
1783746000,1797.92,822.29925256
1783749600,1797.97,1972.79227035
1783753200,1798.68,766.77530029
1783756800,1800.29,729.89736129
1783760400,1794,1044.76889494
1783764000,1796.71,679.73662584
1783767600,1798.94,578.7248593
1783771200,1798.74,618.56405253
1783774800,1801.55,1539.63125667
1783778400,1809.65,3497.12380495
1783782000,1813.51,6100.59136777
1783785600,1822.01,4268.00854313
1783789200,1823.28,3759.73644661
1783792800,1825.15,4679.39548886
1783796400,1823.41,4089.62576278
1783800000,1824.85,2135.60314318
1783803600,1822.72,1876.59902052
1783807200,1812.78,3678.74101908
1783810800,1786.81,3979.76033236
1783814400,1787.73,3117.27735036
1783818000,1805.58,4812.86814711
1783821600,1803.96,2555.51167055
1783825200,1810.43,2868.27489269
1783828800,1804.8,1263.84168189
1783832400,1802.17,1141.10756353
1783836000,1794.02,1630.19966616
1783839600,1797.7,634.24073877
1783843200,1803.92,1210.54074379
1783846800,1801.33,931.81144749
1783850400,1798.33,901.16906096
1783854000,1802.65,618.85504401
1783857600,1805.99,611.97852957
1783861200,1804.8,612.16096285
1783864800,1818.51,1366.69344015
1783868400,1819.96,2732.60075046
1783872000,1820.68,2691.41511497
1783875600,1817.2,875.46526896
1783879200,1820.4,774.3462798
1783882800,1820.39,434.12040416
1783886400,1820.28,2190.16496985
1783890000,1811.4,1650.02465616
1783893600,1803.96,2805.36855559
1783897200,1805.51,1217.64207778
1783900800,1825.36,10293.70498698
1783904400,1805.65,3499.44341441
1783908000,1805.66,2926.93584198
1783911600,1779.16,6580.92722899
1783915200,1777.46,2373.85574688
1783918800,1780.51,5011.95541326
1783922400,1776.36,3424.97011303
1783926000,1785.98,3601.90674901
1783929600,1788.7,3987.80107188
1783933200,1784.3,2184.38716059
1783936800,1778.08,2445.06118988
1783940400,1779.2,2612.59047456
1783944000,1770.57,11407.57855653
1783947600,1769.7,5645.33631746
1783951200,1780,8647.20371262
1783954800,1775.39,4333.05072992
1783958400,1770.21,4733.80302744
1783962000,1751.67,4666.55323816
1783965600,1763.09,3997.34702144
1783969200,1772.97,4291.73617005
1783972800,1765.54,2866.74547659
1783976400,1759.9,1831.31992275
1783980000,1755.93,1975.23998285
1783983600,1774.57,2942.33917727
1783987200,1784.18,5615.36316017
1783990800,1782.95,3618.93793527
1783994400,1780.76,2151.15075369
1783998000,1781.6,2389.11743988
1784001600,1783.73,1215.92581833
1784005200,1784.89,6079.28970091
1784008800,1780.91,1589.07777418
1784012400,1778.59,1353.31325231
1784016000,1783.89,2495.91325614
1784019600,1784.18,1929.4354079
1784023200,1798.36,5585.18101816
1784026800,1796.5,2721.45042464
1784030400,1859.4,20039.45809652
1784034000,1869.78,23808.98533879
1784037600,1879.38,13704.62789671
1784041200,1873.71,7657.58868512
1784044800,1872.66,4380.14797704
1784048400,1870.48,5091.5980449
1784052000,1873.68,5277.27027785
1784055600,1875.94,5607.69482597
1784059200,1874.21,3921.44563972
1784062800,1875.24,2064.22223064
1784066400,1880.8,7104.31153627
1784070000,1890.63,2809.97012462
1784073600,1880.38,3173.3325171
1784077200,1869.13,3064.8572488
1784080800,1863.53,2182.60991479
1784084400,1874.94,2560.4805644
1784088000,1875,939.10008201
1784091600,1881.09,1959.60987711
1784095200,1874.6,3413.46478947
1784098800,1868.77,1994.11584305
1784102400,1878.1,2536.2276577
1784106000,1878.6,2792.66250982
1784109600,1876.88,3301.43051087
1784113200,1883.09,1445.34856425
1784116800,1925.61,10783.48352863
1784120400,1923.8,13463.47197619
1784124000,1931.59,6707.79044631
1784127600,1930,6342.69338177
1784131200,1918.13,8284.93188812
1784134800,1926.62,4217.79704679
1784138400,1922.91,5052.10773631
1784142000,1922.68,9611.69922774
1784145600,1922.47,3026.21532883
1784149200,1920.94,1808.26009227
1784152800,1922.25,2902.19892914
1784156400,1916.76,2806.77137097
1784160000,1913.6,2909.67304797
1784163600,1921.51,2405.66006256
1784167200,1923.89,1326.23906054
1784170800,1917.48,1655.07744784
1784174400,1916.89,1396.24167397
1784178000,1924.23,1674.04568252
1784181600,1921.16,2507.74538948
1784185200,1908.88,3047.83417012
1784188800,1884.97,12049.21909782
1784192400,1882.94,2949.96407317
1784196000,1886.99,5012.6378761
1784199600,1883.78,2682.57183517
1784203200,1871.29,4090.35296996
1784206800,1881.11,5514.72944696
1784210400,1881.66,5495.1565945
1784214000,1880.3,5536.71277357
1784217600,1877.48,4511.18470417
1784221200,1867.66,8272.30430442
1784224800,1874.28,2221.21121006
1784228400,1874.1,6956.26734069
1784232000,1870.01,2156.62217937
1784235600,1877.11,2476.76942817
1784239200,1867.58,2857.67230476
1784242800,1863.17,3545.41828551
1784246400,1864.26,3154.54059527
1784250000,1849.75,3044.78408388
1784253600,1846.54,2278.70417952
1784257200,1850.91,2723.44029035
1784260800,1848.44,3711.81384599
1784264400,1822.22,5340.77596938
1784268000,1830.65,2902.99740881
1784271600,1826.51,1345.21456026
1784275200,1828.17,2398.2914721
1784278800,1833.13,1305.61652945
1784282400,1835.17,1876.30383917
1784286000,1837.42,2138.59208081
1784289600,1826.64,4061.64744204
1784293200,1823.45,9913.48713817
1784296800,1820.48,5171.75762759
1784300400,1829.36,5152.72468822
1784304000,1834.85,6519.49208909
1784307600,1842.43,7831.67494192
1784311200,1845.98,5299.99974826
1784314800,1842.61,7493.30169847
1784318400,1841.74,2911.43392415
1784322000,1840.44,1613.41602286
1784325600,1838.64,1726.34366964
1784329200,1840.94,1758.65805962
1784332800,1839.86,913.36265438
1784336400,1841.3,622.3075267
1784340000,1841,1475.38661801
1784343600,1844.81,872.50286015
1784347200,1843.37,546.6283209
1784350800,1844.75,3989.76622878
1784354400,1843.61,487.00925311
1784358000,1843.03,484.6872513
1784361600,1846.19,868.1904392
1784365200,1843.7,937.54255238
1784368800,1844.19,3244.65795918
1784372400,1844.17,393.05451596
1784376000,1843.41,1775.98779703
1784379600,1840.31,1184.59415814
1784383200,1844.55,1369.58549275
1784386800,1842.5,1071.42496982
1784390400,1844.55,1575.61510654
1784394000,1851.41,2139.83109175
1784397600,1856.29,3532.7125719
1784401200,1857.24,1760.79393826
1784404800,1855.92,1967.14872959
1784408400,1859.53,2357.48316459
1784412000,1862.42,1727.73327542
1784415600,1861.54,1061.78122716
1784419200,1860.11,2334.45402434
1784422800,1857.87,1437.35732454
1784426400,1870.25,2406.07509288
1784430000,1866.06,1341.17223206
1784433600,1866.09,747.32655786
1784437200,1867.21,598.48940891
1784440800,1867.9,581.93753042
1784444400,1868.65,688.63058719
1784448000,1872.5,906.20899528
1784451600,1865.16,1104.85426712
1784455200,1870.95,1854.27339883
1784458800,1870.05,1408.02427665
1784462400,1869.12,2110.9580881
1784466000,1870.42,786.46961066
1784469600,1873.31,1320.62463995
1784473200,1869.66,2774.02011072
1784476800,1865.11,3762.48011369
1784480400,1865.93,4268.69353988
1784484000,1859.71,4354.9509491
1784487600,1860.92,1479.03335673
1784491200,1865.76,1397.2778221
1784494800,1860.71,1363.1631527
1784498400,1869.24,3164.21746814
1784502000,1870.89,5784.89357146
1784505600,1870.61,5920.10674805
1784509200,1867.81,2937.4269198
1784512800,1877.42,3228.35706518
1784516400,1878.37,2177.09443469
1784520000,1867.5,2221.59486425
1784523600,1854.04,3087.51838274
1784527200,1848,3440.51661107
1784530800,1862.38,2302.7383392
1784534400,1859.16,2983.38756354
1784538000,1862.41,1952.51437434
1784541600,1867.24,2418.13306952
1784545200,1891.56,8266.57418076
1784548800,1871.58,7513.9236873
1784552400,1860.67,10205.52445711
1784556000,1866.26,5279.23318984
1784559600,1900.98,11001.33239384
1784563200,1898.12,10142.48495494
1784566800,1906.56,7687.64158097
1784570400,1897.92,8485.48396778
1784574000,1897.4,6404.93722623
1784577600,1903.63,3522.913047
1784581200,1901.05,2464.21411127
1784584800,1894.59,3049.69249537
1784588400,1903.52,3379.68316822
1784592000,1913.72,6049.68690004
1784595600,1906.3,3059.76671558
1784599200,1916.16,2590.18190641
1784602800,1925.46,2891.8560506
1784606400,1923.36,2474.61863258
1784610000,1929.24,2380.33274781
1784613600,1933.59,2660.01638466
1784617200,1932.84,2145.9824755
1784620800,1938.62,8644.00454317
1784624400,1940.8,2502.87921972
1784628000,1932.85,3008.48059488
1784631600,1934.75,3872.40153968
1784635200,1941.3,3688.43689261
1784638800,1938.94,6479.85091269
1784642400,1930.45,14504.19466278
1784646000,1930.76,8066.37217854
1784649600,1925.11,3667.44601596
1784653200,1917.26,5963.44825676
1784656800,1918.95,4090.20857028
1784660400,1922.43,8265.77293415
1784664000,1922.18,3308.49727062
1784667600,1923.13,1458.99344828
1784671200,1919.6,2596.51316681
1784674800,1929,2515.57283643
1784678400,1938.01,3289.35964453
1784682000,1932.42,2794.10224923
1784685600,1929.02,1914.87043019
1784689200,1927.2,2321.81327856
1784692800,1935.49,2260.84252359
1784696400,1918.08,2629.57391188
1784700000,1916.27,2660.79247228
1784703600,1912.88,3954.02426905
1784707200,1919.8,2021.89438621
1784710800,1923.2,1773.96623115
1784714400,1929.42,1973.17631606
1784718000,1926.16,1906.01227758
1784721600,1915.59,2614.88214809
1784725200,1938.82,9254.05235529
1784728800,1932.16,15494.63209019
1784732400,1942.07,8092.26449308
1784736000,1949.3,9318.82561521
1784739600,1937.42,7969.67808473
1784743200,1929.72,6683.24657291
1784746800,1923.98,4585.52851951
1784750400,1926.06,3651.35737909
1784754000,1938.04,1648.65521601
1784757600,1937.42,2449.37364794
1784761200,1933.54,4569.20587384
1784764800,1931.4,2857.44558076
1784768400,1927.65,2562.8579626
1784772000,1926.34,1829.77088633
1784775600,1919.53,3680.00436641
1784779200,1918.54,2283.02542331
1784782800,1921.95,1653.61651122
1784786400,1924.09,1493.32069656
1784790000,1914.2,3865.71191967
1784793600,1925.55,2085.90588091
1784797200,1923.19,2260.10663039
1784800800,1927.34,3093.098965
1784804400,1925.26,5881.89996578
1784808000,1903.1,8140.35366754
1784811600,1897.34,7048.54788262
1784815200,1895.1,6784.17499805
1784818800,1893.82,9483.50186714
1784822400,1886.34,5188.38978869
1784826000,1876.7,3766.78824748
1784829600,1879.69,3262.47207173
1784833200,1874.13,11195.40264188
1784836800,1884.46,3874.15105198
1784840400,1881.2,2984.37889507
1784844000,1881.98,2190.5660089
1784847600,1876.91,1875.04161603
1784851200,1869.87,5641.0624186
1784854800,1871.22,2495.33620065
1784858400,1867.81,5740.55771998
1784862000,1879.19,1982.80121179
1784865600,1874.56,793.8424405
1784869200,1879.28,1465.14700063
1784872800,1886.75,2495.74080159
1784876400,1894.66,5206.44671783
1784880000,1886.66,1529.69084959
1784883600,1886.67,2000.52214062
1784887200,1882.4,1153.04875012
1784890800,1882.45,1882.64750776
1784894400,1870.8,3780.07601422
1784898000,1856.08,11072.69914955
1784901600,1860.89,9237.0686754
1784905200,1860.04,7946.35109926
1784908800,1855.6,3880.15323848
1784912400,1864.9,2848.82266914
1784916000,1860.8,2149.88717472
1784919600,1861.75,5078.68638919
1784923200,1859.23,2028.15837953
1784926800,1855.62,2578.55142042
1784930400,1857.68,2180.45105614
1784934000,1859.77,980.32496792
1784937600,1858.51,1535.49377018
1784941200,1858.5,1519.49789012
1784944800,1857.9,631.20194091
1784948400,1856.92,1504.80065223
1784952000,1859.62,415.4067253
1784955600,1856.64,488.820602
1784959200,1857,1091.8957835
1784962800,1854.49,358.02999011
1784966400,1852.08,1003.42720325
1784970000,1856.54,776.63978195
1784973600,1856.77,560.77999674
1784977200,1856.09,445.81373179
1784980800,1858.37,673.09590524
1784984400,1865.26,1240.63616204
1784988000,1867.05,737.64496411
1784991600,1866.15,763.73507727
1784995200,1866.4,1212.02570664
1784998800,1871.36,1419.47461177
1785002400,1873.74,753.98577016
1785006000,1873.06,626.2712846
1785009600,1870.5,648.30936459
1785013200,1870.99,968.44247976
1785016800,1874.31,1702.15429982
1785020400,1873.05,931.31644764
1785024000,1879.4,823.22306199
1785027600,1877.04,435.22422759
1785031200,1879.14,358.35265138
1785034800,1880.6,671.37782484
1785038400,1884.68,748.45829307
1785042000,1881.84,726.05731228
1785045600,1883.27,866.3766224
1785049200,1879.85,344.72448407
1785052800,1879.84,486.30634712
1785056400,1882.09,304.90830119
1785060000,1884.32,448.09775973
1785063600,1884.23,359.29077977
1785067200,1884.86,1036.35976946
1785070800,1885.01,896.43702498
1785074400,1896.94,1852.15546733
1785078000,1913.31,4679.26336888
1785081600,1914.61,4033.54775536
1785085200,1909.55,1389.69598944
1785088800,1912.74,729.54851993
1785092400,1912.5,986.01022392
1785096000,1912.02,826.41713536
1785099600,1924.39,1997.32534436
1785103200,1947.91,7682.5290005
1785106800,1952.93,5925.48369482
1785110400,1940.68,4111.71267724
1785114000,1946.3,2750.58211515
1785117600,1941.6,4441.37656131
1785121200,1948.02,1846.98717678
1785124800,1951.54,2824.91911892
1785128400,1963.92,3265.51279886
1785132000,1966.77,3772.75368982
1785135600,1963,1807.26974688
1785139200,1962.72,4644.41876191
1785142800,1963.31,4633.60640744
1785146400,1965.92,2383.81448403
1785150000,1957.89,1756.12758505
1785153600,1956.09,3844.91190346
1785157200,1959.1,10984.65042956
1785160800,1930.23,11212.00345012
1785164400,1925.32,9258.72161927
1785168000,1938.7,4592.02759783
1785171600,1941.89,2328.70729594
1785175200,1937.19,3841.42206271
1785178800,1946.41,4366.99536273
1785182400,1945,2045.22061897
1785186000,1940,1604.99673279
1785189600,1892,6876.46849165
1785193200,1890.67,6156.46744966
1785196800,1877.11,4655.28620925
1785200400,1874.13,4706.68393532
1785204000,1874,2208.23718627
1785207600,1879.53,1385.18291673
1785211200,1877.3,1758.90714507
1785214800,1881.11,1325.34825529
1785218400,1886.6,1515.1352965
1785222000,1881.88,862.69971038
1785225600,1882.49,1267.51207561
1785229200,1874.26,1850.49369791
1785232800,1876.92,1960.6288926
1785236400,1874.61,3657.12494295
1785240000,1890.4,4845.33918677
1785243600,1871.92,15384.75907564
1785247200,1886.84,8594.01265111
1785250800,1918.22,10982.18829711
1785254400,1924.01,5328.04471028
1785258000,1899.83,9185.94411414
1785261600,1908.81,3023.95153665
1785265200,1920.36,4560.13068844
1785268800,1916.11,4521.81324752
1785272400,1921.84,2179.91011173
1785276000,1909.76,2598.09034941
1785279600,1919.9,3071.25997456
1785283200,1914.91,2129.35159332
1785286800,1903.39,1801.49674034
1785290400,1908.4,2130.11019555
1785294000,1890.16,2884.85524159
1785297600,1903.04,3077.65511592
1785301200,1910.22,2079.45653813
1785304800,1917.81,2802.02680151
1785308400,1922.97,2895.31777043
1785312000,1912.86,2116.83849689
1785315600,1920.04,2097.32923753
1785319200,1909.93,2220.58239253
1785322800,1913.01,1608.89068179
1785326400,1902.93,1741.72411668
1785330000,1907.2,5675.98878266
1785333600,1892.65,5298.52621421
1785337200,1889.41,5909.25928114
1785340800,1892.69,3710.3765313
1785344400,1913.63,5654.76481296
1785348000,1918.4,9710.74710668
1785351600,1886.04,8905.70165064
1785355200,1882.01,5009.95648987
1785358800,1896.1,3358.65889198
1785362400,1904.71,2367.39219815
1785366000,1908.48,3237.3860299
1785369600,1895.83,3191.95174993
1785373200,1914.44,4014.85730513
1785376800,1908.5,2966.64969374
1785380400,1907.54,1192.20154749
1785384000,1899.32,1535.87801453
1785387600,1903.8,1656.0172028
1785391200,1898.6,738.19184428
1785394800,1900.48,1374.54855396
1785398400,1912.6,3270.41877581
1785402000,1915.49,2907.18868696
1785405600,1915.73,1881.20121418
1785409200,1920.55,2088.88870155
1785412800,1922.89,1711.47059503
1785416400,1927.89,6164.58963398
1785420000,1915.57,3905.23170679
1785423600,1916.7,2728.03274252
1785427200,1917.34,3507.0392322
1785430800,1918.67,1753.29099828
1785434400,1914.26,2217.55707562
1785438000,1922.29,4663.6045301
1785441600,1919.78,2657.20497671
1785445200,1916.89,1874.43304408
1785448800,1923.99,2948.82941001
1785452400,1916.82,4680.75156838
1785456000,1915.43,2848.02854961
1785459600,1908.4,5372.48737659
1785463200,1902.18,2829.57932055
1785466800,1906.81,2523.28190092
1785470400,1903.92,1202.59733584
1785474000,1904.4,991.85104732
1785477600,1900.68,2286.18146592
1785481200,1888.09,2997.48079119
1785484800,1888.62,2326.82810767
1785488400,1881.93,2732.30169973
1785492000,1885.12,3009.97001792
1785495600,1882.6,1393.54979037
1785499200,1880.62,4199.62351042
1785502800,1864.6,7936.07970475
1785506400,1857.55,20374.85023645
1785510000,1860.51,5642.0330087
1785513600,1862.61,5229.59634683
1785517200,1873.11,4235.8292636
1785520800,1869.78,2324.29536127
1785524400,1866.44,3137.68882124
1785528000,1860.4,3651.52921158
1785531600,1860.09,1879.04930901
1785535200,1859.63,880.41828963
1785538800,1860.66,886.55052108
1785542400,1862.86,1260.24606195
1785546000,1865.16,1037.41929734
1785549600,1866.48,810.40638191
1785553200,1868.08,815.15431098
1785556800,1867.91,621.86132585
1785560400,1865.58,559.11920463
1785564000,1868.53,588.96349902
1785567600,1867.68,681.35732992
1785571200,1867.6,727.34187532
1785574800,1866.2,753.94324927
1785578400,1865.58,1673.90080489
1785582000,1865.19,621.49772899
1785585600,1867.22,1071.08581998
1785589200,1867.57,573.3479484
1785592800,1873.41,1144.21950732
1785596400,1868.26,1319.51730086
1785600000,1867.19,2285.7249258
1785603600,1860.41,2183.85040097
1785607200,1835.19,6841.10652315
1785610800,1835.55,2029.94668103
1785614400,1836.62,2953.19010351
1785618000,1844.03,3618.28868489
1785621600,1845.5,797.04063384
1785625200,1843.18,1654.56654746
1785628800,1844.96,854.46216177
1785632400,1855.11,1937.50179837
1785636000,1875,4363.70328931
1785639600,1875.51,1831.00573557
1785643200,1879.21,1629.39387547
1785646800,1874.59,1499.42633038
1785650400,1875.64,960.68582048
1785654000,1874.1,519.90270633
1785657600,1866.21,770.7499021
1785661200,1869.11,775.86498721
1785664800,1866.85,280.8280817
1785668400,1850.8,2266.08684428
1785672000,1855.14,1240.28713204
1785675600,1853,941.97652251
1785679200,1853.05,1702.79575282
1785682800,1857,754.4412125
1785686400,1861.23,1191.57694179
1785690000,1866.8,1165.95129555
1785693600,1873.72,2390.19552437
1785697200,1880.06,1598.06442092
1785700800,1881.7,1487.90203435
1785704400,1888.38,2617.54078488
1785708000,1879.91,2930.37564685
1785711600,1883.35,1526.17200971
1785715200,1871.62,1277.74846037
1785718800,1864.82,1724.3523159
1785722400,1862,1687.72366763
1785726000,1854.74,1702.87213777
1785729600,1852.57,1791.02499956
1785733200,1857.53,1116.31027973
1785736800,1846.73,1287.40750074
1785740400,1841.56,1518.89798079
1785744000,1837.9,2229.48744193
1785747600,1850.11,1582.76291587
1785751200,1843.68,1364.02463008
1785754800,1837.4,1418.31774704
1785758400,1841.23,1579.76901657
1785762000,1856.7,3391.49331727
1785765600,1871.8,4938.73431707
1785769200,1861.11,9009.15381501
1785772800,1864.32,2804.62244533
1785776400,1867.13,3916.68261969
1785780000,1867.18,3855.51864001
1785783600,1868.57,4397.78517154
1785787200,1867.51,1528.53189152
1785790800,1861.94,1473.59117239
1785794400,1858.69,2741.59694146
1785798000,1858.95,1267.68871235
1785801600,1849.3,1979.86702018
1785805200,1865.6,1774.71037147
1785808800,1864.34,2339.57409549
1785812400,1862.46,1076.80999532
1785816000,1866.34,1955.58066072
1785819600,1862.76,657.35154112
1785823200,1855.23,2102.80469288
1785826800,1862.01,1421.56457321
1785830400,1855.82,904.09444196
1785834000,1856.68,1442.06353774
1785837600,1864.9,3045.77765535
1785841200,1870.83,2165.85317885
1785844800,1873.41,2371.45247784
1785848400,1859.65,7723.99773362
1785852000,1871.39,5921.6449077
1785855600,1871.4,5477.57051821
1785859200,1868.13,2704.52795498
1785862800,1868.06,4618.2216782
1785866400,1873.9,6620.51414412
1785870000,1873.91,3170.97229852
1785873600,1875.32,2207.09424222
1785877200,1870.69,2724.42050645
1785880800,1874.19,1732.91494447
1785884400,1868.39,1946.84130915
1785888000,1862.47,2115.80566031
1785891600,1871.78,1514.74578825
1785895200,1872.92,1947.98525548
1785898800,1866.14,2561.54531038
1785902400,1865.82,1002.22305153
1785906000,1871.77,2101.04956022
1785909600,1868.21,1111.54785475
1785913200,1870.61,1681.83544262
1785916800,1867.96,746.0885919
1785920400,1870.33,1164.36059832
1785924000,1866.72,1257.28969565
1785927600,1867.11,1181.13874857
1785931200,1874.57,3512.63933141
1785934800,1877.13,7594.93254209
1785938400,1874.51,5280.972149
1785942000,1872.41,3275.01068379
1785945600,1893.95,10229.43387678
1785949200,1914.72,12449.52521689
1785952800,1916.28,11074.48368276
1785956400,1915.62,7376.39172442
1785960000,1915.58,3626.37186822
1785963600,1906.92,3650.14121725
1785967200,1905.26,2746.01289829
1785970800,1907.29,2052.28649331
1785974400,1908.55,1484.85833728
1785978000,1904.9,1695.16422587
1785981600,1897.4,3487.98571284
1785985200,1897.22,1406.10171345
1785988800,1906.09,1683.69403673
1785992400,1912.47,3114.89645768
1785996000,1911.67,1056.37901826
1785999600,1907.12,1417.33912287
1786003200,1914.24,5005.78379479
1786006800,1905.66,2821.60219637
1786010400,1900.74,1285.32927402
1786014000,1905.92,2134.98219663
1786017600,1896.77,4120.25863499
1786021200,1905.55,8810.59413953
1786024800,1913.23,6385.58032205
1786028400,1909.12,4841.2235921
1786032000,1914.01,2838.13290391
1786035600,1912.4,3143.94076663
1786039200,1904.43,2238.44153321
1786042800,1908.61,7270.96321314
1786046400,1905.66,1789.1970831
1786050000,1904.56,1754.96143211
1786053600,1903.64,1797.47199
1786057200,1902.42,2513.34804491
1786060800,1902.26,1497.10698837
1786064400,1901.73,1728.8030586
1786068000,1900.98,1781.41409447
1786071600,1895.65,1142.07926345
1786075200,1895.65,1030.88887982
1786078800,1899.81,624.73536098
1786082400,1903.04,1461.07391919
1786086000,1900.93,839.02073844
1786089600,1909.36,1616.47188073
1786093200,1911.8,2284.52635882
1786096800,1911.43,1142.82469654
1786100400,1914.89,1956.18166894
1786104000,1930.99,9363.25212524
1786107600,1922.06,5983.82784693
1786111200,1912.19,7114.20889815
1786114800,1916.59,3831.71129057
1786118400,1908.09,4904.72160825
1786122000,1911.01,4991.42204438
1786125600,1908.52,2647.44485673
1786129200,1917.84,7190.13501007
1786132800,1913.86,1803.85164065
1786136400,1915.5,2449.95442768
1786140000,1913.99,1315.52200188
1786143600,1913.15,684.96895577
1786147200,1913.32,1115.33218143
1786150800,1913.72,1160.68098451
1786154400,1912.46,1169.96642251
1786158000,1917.11,1064.40191173
1786161600,1916.21,756.9082694
1786165200,1916.66,547.90585831
1786168800,1915.55,429.26232527
1786172400,1914.26,543.55819156
1786176000,1915.88,518.01721186
1786179600,1917.72,1249.58179286
1786183200,1919.98,423.63407089
1786186800,1919.61,331.14061782
1786190400,1918.11,655.75598692
1786194000,1918.95,645.7617497
1786197600,1922.6,770.13950858
1786201200,1921.24,779.01902828
1786204800,1921.42,743.40044062
1786208400,1922.48,704.51509291
1786212000,1920.11,855.71967276
1786215600,1919.24,711.0079661
1786219200,1918.84,387.70645843
1786222800,1919.24,598.522115
1786226400,1915.44,825.86560957
1786230000,1915.4,589.90420026
1786233600,1916.51,882.07962682
1786237200,1914.74,615.87881057
1786240800,1913.49,518.47741837
1786244400,1912.74,562.2715903
1786248000,1911.84,266.12072153
1786251600,1913.15,205.93728082
1786255200,1917.71,619.19341396
1786258800,1917.5,217.34658072
1786262400,1914.48,1063.4123868
1786266000,1919.83,454.75046364
1786269600,1918.72,352.16537632
1786273200,1917.93,263.43973479
1786276800,1916.27,478.13088632
1786280400,1921.99,1228.67939055
1786284000,1923.5,832.79390018
1786287600,1924.64,5114.7025417
1786291200,1922.71,1275.53385816
1786294800,1921.67,718.20393473
1786298400,1920.1,740.74380517
1786302000,1920.57,506.57596923
1786305600,1919.78,855.85458881
1786309200,1923.22,2210.77403121
1786312800,1918.28,13504.0849747
1786316400,1909.09,3030.79953331
1786320000,1911.44,3776.81899794
1786323600,1923.92,2837.13974236
1786327200,1921.97,2283.09866005
1786330800,1915.86,2466.51432508
1786334400,1914.12,1889.08867256
1786338000,1921.64,1753.12502597
1786341600,1926.49,2134.70817682
1786345200,1923.98,1398.47025172
1786348800,1925.08,1774.02835153
1786352400,1914.91,2338.19480631
1786356000,1915.99,1392.95286333
1786359600,1918.5,1190.46742848
1786363200,1904.29,3914.7486941
1786366800,1895.7,5894.82573784
1786370400,1891.62,7188.22900799
1786374000,1875.07,8630.44729976
1786377600,1870.56,7521.1388398
1786381200,1871.83,4769.64786284
1786384800,1870.72,3738.37771932
1786388400,1876.82,2479.70095452
1786392000,1877.91,1468.32458357
1786395600,1872.54,1836.70929707
1786399200,1874.53,1173.63347364
1786402800,1871.44,1839.69765197
1786406400,1873.5,1381.15299959
1786410000,1876.18,926.18349563
1786413600,1876.82,593.93607944
1786417200,1879.08,586.47689782
1786420800,1874.35,1140.5349178
1786424400,1872.14,875.47356428
1786428000,1872.5,895.13688939
1786431600,1876.01,978.88088568
1786435200,1877.58,803.08796364
1786438800,1883.77,918.18873238
1786442400,1884.61,1769.53414554
1786446000,1891.33,3604.13016568
1786449600,1886.32,3688.1487735
1786453200,1888.31,4228.93130555
1786456800,1871.86,6473.15292658
1786460400,1861.1,7627.94045818
1786464000,1863.19,3574.58979698
1786467600,1862.74,2655.58168706
1786471200,1864.38,2959.20532772
1786474800,1879.74,5370.90841631
1786478400,1880.48,4488.56819816
1786482000,1882.88,2284.24164805
1786485600,1880.63,1524.16357597
1786489200,1880.72,1760.65035595
1786492800,1880.77,1299.2228519
1786496400,1882.92,929.50075858
1786500000,1882.77,1117.76127979
1786503600,1884.97,1355.29155565
1786507200,1887.79,1371.46358617
1786510800,1890.1,790.26081457
1786514400,1885.89,1153.9667502
1786518000,1890.01,986.40393829
1786521600,1889.11,2975.33776883
1786525200,1904.15,3715.76991401
1786528800,1907.5,5127.36416364
1786532400,1913.91,2298.14606463
1786536000,1909.83,5903.26853055
1786539600,1899.36,4346.59782249
1786543200,1885.68,6753.893201
1786546800,1890.6,2013.4386305
1786550400,1888.81,2161.41110147
1786554000,1886.02,1842.8367451
1786557600,1883.45,1929.6991474
1786561200,1877.04,4616.25393217
1786564800,1884.58,2465.06720415
1786568400,1876.04,2776.73843091
1786572000,1876.48,2161.21863935
1786575600,1877.59,1716.22745943
1786579200,1878.26,2663.91573732
1786582800,1876.19,1306.26309879
1786586400,1879.96,979.58701649
1786590000,1885.61,1172.42808389
1786593600,1890.33,2736.50072931
1786597200,1893.91,3276.27721796
1786600800,1896.82,654.57237016
1786604400,1893.87,586.41305046
1786608000,1888.29,1441.73407611
1786611600,1887.77,1526.63724944
1786615200,1881.07,2971.42310169
1786618800,1878.35,2360.80103295
1786622400,1887.08,1851.87447348
1786626000,1888.41,2394.25122493
1786629600,1891.21,2351.65364569
1786633200,1878.31,3170.67934104
1786636800,1872.85,5090.7447194
1786640400,1874.93,2710.64064289
1786644000,1883.58,2457.98874872
1786647600,1885.59,4050.82168868
1786651200,1884.33,1875.98629735
1786654800,1886.98,1252.61437373
1786658400,1887.73,1317.1234698
1786662000,1884.61,884.04248974
1786665600,1887.71,1052.29509208
1786669200,1887.81,1425.74047607
1786672800,1884.82,963.76846206
1786676400,1880.56,1387.17297734
1786680000,1882.98,553.62499043
1786683600,1882.09,735.5989938
1786687200,1870.94,1978.67871777
1786690800,1871.17,1203.36354477
1786694400,1876.68,2659.1441483
1786698000,1871.06,2019.53409154
1786701600,1873.94,1175.94101524
1786705200,1876.43,1082.81246516
1786708800,1871.23,1678.91427503
1786712400,1867.59,5781.53473866
1786716000,1864.93,2489.26306325
1786719600,1879.24,2563.55034271
1786723200,1883.37,2332.5033802
1786726800,1876.63,2455.52142865
1786730400,1873.63,1985.36725637
1786734000,1878.92,5126.37866875
1786737600,1878.56,1382.66987572
1786741200,1877.47,1130.09059814
1786744800,1877.86,1573.44222265
1786748400,1880.41,855.0822486
1786752000,1880.69,642.9753648
1786755600,1882.26,1265.72302468
1786759200,1883.12,971.26305105
1786762800,1881.26,623.60132127
1786766400,1882.57,346.35409096
1786770000,1878.96,470.50907407
1786773600,1880.36,294.3184195
1786777200,1878.56,156.89901324
1786780800,1875.1,523.55838006
1786784400,1878.44,306.12206657
1786788000,1879.16,283.1234608
1786791600,1877.29,478.64524551
1786795200,1881.56,440.6151077
1786798800,1881.5,670.64938306
1786802400,1881.47,715.43685694
1786806000,1882.89,488.03218675
1786809600,1883.09,817.52395959
1786813200,1882.4,794.49017908
1786816800,1880.92,297.13760051
1786820400,1882.36,255.70367315
1786824000,1881.33,407.57645543
1786827600,1883.13,485.32479125
1786831200,1882.58,590.91392764
1786834800,1880.94,771.94137523
1786838400,1880.65,622.46431633
1786842000,1878.62,657.07363778
1786845600,1881.79,1128.99190749
1786849200,1881.01,313.112661
1786852800,1879.95,392.0288178
1786856400,1878.12,389.98857135
1786860000,1878.66,254.00498546
1786863600,1879.3,151.93574605
1786867200,1878.83,158.16424958
1786870800,1878.14,315.93000089
1786874400,1878.76,222.53006557
1786878000,1878.91,170.99363909
1786881600,1877.75,459.92068387
1786885200,1879.91,797.5450892
1786888800,1881.38,1174.00971968
1786892400,1882.01,496.2656896
1786896000,1887.56,1144.5182316
1786899600,1883.12,672.56038116
1786903200,1883.7,725.02892383
1786906800,1884.15,1304.84771886
1786910400,1880.08,843.54778087
1786914000,1873.64,1189.52288962
1786917600,1874.08,1158.53324711
1786921200,1874.13,764.61007121
1786924800,1876.77,1514.27283433
1786928400,1889.57,3555.89701637
1786932000,1900.4,4480.45598331
1786935600,1899.08,2207.16872551
1786939200,1901.79,3157.94009655
1786942800,1897.79,1233.21822439
1786946400,1905.14,1954.18697688
1786950000,1899.02,1724.81705129
1786953600,1892.37,2009.80308163
1786957200,1891.97,666.68571881
1786960800,1905.04,2965.91056786
1786964400,1902.71,4919.98937624
1786968000,1896.95,3816.43485703
1786971600,1903.01,5305.90726245
1786975200,1907.71,4073.24135647
1786978800,1911.46,6317.83202982
1786982400,1905.35,5244.9369077
1786986000,1907.22,3611.68999755
1786989600,1908.41,2160.27281909
1786993200,1905.67,3128.250444
1786996800,1904.88,10492.44244987
1787000400,1904.75,2638.74085708
1787004000,1902.76,2077.41936204
1787007600,1911.94,8524.21326712
1787011200,1908.36,2131.58499043
1787014800,1899.9,2474.19402687
1787018400,1891.47,4029.56488523
1787022000,1892.66,3368.1642565
1787025600,1894.77,1132.62164441
1787029200,1893.9,1000.99785389
1787032800,1901.09,1373.15403981
1787036400,1896.94,1522.87554659
1787040000,1898.35,1529.13110717
1787043600,1894.8,1042.54908605
1787047200,1896.1,885.76766965
1787050800,1901.21,1807.79092053
1787054400,1897.64,922.21796226
1787058000,1896,3174.42946913
1787061600,1909.75,13286.91675475
1787065200,1916.5,9071.85201841
1787068800,1917.31,6324.41310493
1787072400,1910.23,4860.33981253
1787076000,1915.2,1611.74109687
1787079600,1912.2,2261.27926935
1787083200,1911.47,1986.62904205
1787086800,1910.97,858.70858769
1787090400,1912.24,1728.63779028
1787094000,1916.72,2181.08459392
1787097600,1912.22,2037.92093361
1787101200,1912.29,1749.95714307
1787104800,1906.28,1581.12169609
1787108400,1910.41,2066.47199135
1787112000,1909.11,972.75494729
1787115600,1908.7,870.03649328
1787119200,1916.06,1689.4506375
1787122800,1914.24,1607.26197395
1787126400,1920,2768.67310382
1787130000,1917.63,961.32780351
1787133600,1918.52,694.61881332
1787137200,1921.54,1215.57240197
1787140800,1935.52,5540.86704471
1787144400,1931.31,6440.19702158
1787148000,1969.2,15226.89910738
1787151600,2084.63,56670.85887036
1787155200,2088.61,37409.79421724
1787158800,2090.64,16076.57896035
1787162400,2091.81,14556.88592572
1787166000,2101.52,22647.06892721
1787169600,2217.64,23482.39031406
1787173200,2285.4,64268.56815014
1787176800,2248.78,18401.60311445
1787180400,2251.69,8646.75953883
1787184000,2261.14,8163.10233995
1787187600,2265.46,6661.17116281
1787191200,2250.48,5258.32189805
1787194800,2249.42,7581.55453914
1787198400,2248.56,3745.17948972
1787202000,2246.75,3150.93159424
1787205600,2261.11,9295.97136207
1787209200,2250.19,4942.57460134
1787212800,2280.18,11081.881184
1787216400,2276.97,5229.05966695
1787220000,2285.23,4122.00173231
1787223600,2294.83,8830.09088628
1787227200,2288.6,9375.14160605
1787230800,2275.2,15530.97729267
1787234400,2279.9,10077.03260114
1787238000,2325,25547.55737308
1787241600,2343.44,13727.48134581
1787245200,2343.6,9745.77192791
1787248800,2315.85,11997.24987093
1787252400,2323.47,19842.25858005
1787256000,2317.91,8726.89575682
1787259600,2318.45,5154.00080024
1787263200,2313.67,5430.89212605
1787266800,2326.35,7130.38105932
1787270400,2340.23,8759.95050058
1787274000,2358.34,11582.38449589
1787277600,2344.52,6840.25931789
1787281200,2339.95,3626.0300991
1787284800,2353.45,3459.44510579
1787288400,2367.34,3408.79099935
1787292000,2371.28,6191.72823434
1787295600,2371.04,7931.14168613
1787299200,2443.9,16703.50680736
1787302800,2403.6,11035.4199017
1787306400,2394.72,10702.26640667
1787310000,2369.85,17395.41292466
1787313600,2387.7,5810.29322514
1787317200,2386.32,15948.62550791
1787320800,2392.63,13768.84742583
1787324400,2392.89,10244.08867004
1787328000,2405.08,17253.0992321
1787331600,2423.13,14649.46049918
1787335200,2419.9,13516.2403651
1787338800,2413.51,13322.05737005
1787342400,2440.51,9302.71077865
1787346000,2512.93,15405.52439553
1787349600,2521.48,17704.97646301
1787353200,2515.8,13844.59578791
1787356800,2522.1,9603.17094184
1787360400,2506.76,5162.21385596
1787364000,2515.5,4450.67003381
1787367600,2514.79,5823.77963946
1787371200,2514.34,5137.31906463
1787374800,2439.61,23431.77304871
1787378400,2437.58,6087.25800631
1787382000,2433,2952.05300704
1787385600,2425.54,3851.36860487
1787389200,2421.71,4954.03718709
1787392800,2412.78,10252.11991839
1787396400,2424.11,2382.99383542
1787400000,2428.4,2658.03277042
1787403600,2429.98,2865.94558643
1787407200,2413.51,3530.59957795
1787410800,2410.54,2648.69648607
1787414400,2422.37,2676.65766164
1787418000,2426.11,2572.45303706
1787421600,2427.11,1941.60699592
1787425200,2439,1906.48666999
1787428800,2431.8,1844.38337095
1787432400,2406.97,4328.17511099
1787436000,2413.68,2502.65726595
1787439600,2422,1088.04118935
1787443200,2430.82,3783.2916473
1787446800,2422.93,3653.60652402
1787450400,2416.67,2972.44885671
1787454000,2413.74,2202.5491395
1787457600,2378.54,5885.5859785
1787461200,2373.01,5084.98292349
1787464800,2389.45,3812.08596859
1787468400,2388.5,1550.57442002
1787472000,2412.39,5105.16387798
1787475600,2411.18,1641.09040781
1787479200,2414.75,1329.581672
1787482800,2433.35,3569.656009
1787486400,2426.72,2571.67704329
1787490000,2459.39,8757.02908885
1787493600,2438.5,7810.81707154
1787497200,2438.39,5014.25848923
1787500800,2450.43,8595.50414436
1787504400,2440.26,4314.41903511
1787508000,2448.61,2545.76826967
1787511600,2444.58,2285.75098115
1787515200,2450.22,1930.11243727
1787518800,2469.98,8461.82362101
1787522400,2455,11635.12370983
1787526000,2463.39,5804.71760682
1787529600,2465.43,3978.07384489
1787533200,2429.09,4281.74998777
1787536800,2443.79,4552.51878119
1787540400,2430.55,3564.07134478
1787544000,2438.27,7504.32046026
1787547600,2449.29,8029.136907
1787551200,2456.41,4518.68903484
1787554800,2454.48,3501.24194259
1787558400,2454.27,5585.19351116
1787562000,2462.73,2831.11136075
1787565600,2464.59,6304.12459907
1787569200,2494.1,8957.26789398
1787572800,2512.33,10311.6232678
1787576400,2492.9,17301.36901392
1787580000,2515.21,16930.33830978
1787583600,2487.21,14522.2743111
1787587200,2477.83,18068.43262559
1787590800,2468.67,17668.22018276
1787594400,2473.87,9134.38971734
1787598000,2471,9767.67583022
1787601600,2475.28,4655.32068989
1787605200,2483.68,2645.55972561
1787608800,2474.04,3545.00718729
1787612400,2482.2,3112.51612549
1787616000,2493.48,5955.97036778
1787619600,2495.75,5254.31760242
1787623200,2507.27,10700.48846258
1787626800,2498.79,7395.85159939
1787630400,2494.17,4441.59024566
1787634000,2507.9,2236.31767163
1787637600,2500.27,2387.3062053
1787641200,2477.52,4428.06023128
1787644800,2484.11,4210.21589119
1787648400,2474.03,4367.50519434
1787652000,2481.47,1883.1725901
1787655600,2477.52,1871.77229548
1787659200,2473.13,5036.49307966
1787662800,2460.81,11996.1554197
1787666400,2476.99,15613.94477049
1787670000,2483.16,12883.00339724
1787673600,2471.09,7258.11272683
1787677200,2471.25,7059.29472538
1787680800,2467.41,3456.18930161
1787684400,2463.78,7551.32044642
1787688000,2436.32,4900.64185451
1787691600,2441.52,5516.76010621
1787695200,2453.83,2485.14303486
1787698800,2442.55,3287.79319926
1787702400,2446.58,2244.96476751
1787706000,2455.88,3162.9850763
1787709600,2465.1,2425.18238554
1787713200,2465.29,1627.37353921
1787716800,2456.58,2717.99907377
1787720400,2464.44,1875.96478311
1787724000,2459.92,1405.58886883
1787727600,2461.33,1429.77829968
1787731200,2456.03,1199.66071495
1787734800,2447.64,2109.86791982
1787738400,2468.55,2202.85082927
1787742000,2462.31,1534.11936991
1787745600,2454.51,6677.43466841
1787749200,2457.23,10702.27970802
1787752800,2439.29,7306.4467594
1787756400,2450.09,9016.13553265
1787760000,2444.55,8207.28832464
1787763600,2460.92,8885.76669434
1787767200,2473.08,7712.91528154
1787770800,2470.75,13039.27060684
1787774400,2471.97,5916.98328634
1787778000,2496.95,6523.52077699
1787781600,2493.9,4863.48574508
1787785200,2506.93,5266.0925889
1787788800,2492,3371.19312804
1787792400,2497.78,3306.45290332
1787796000,2494.6,1555.36715055
1787799600,2492.56,2645.77418152
1787803200,2486.75,1949.12350616
1787806800,2496.23,1675.39319446
1787810400,2492.39,2302.06133311
1787814000,2497.07,1810.8272033
1787817600,2530.69,10990.04319182
1787821200,2534.7,8632.70310488
1787824800,2503.95,10425.90110454
1787828400,2501.58,5563.21903012
1787832000,2495.36,4260.99863899
1787835600,2497.02,8768.48352022
1787839200,2517.65,10612.77562436
1787842800,2522.06,9657.40626975
1787846400,2522.4,7964.33084825
1787850000,2518.49,7531.17049507
1787853600,2507.24,7308.91395691
1787857200,2498.25,10482.22030701
1787860800,2508.73,4312.27590714
1787864400,2505.11,2523.75276385
1787868000,2515.61,4009.94312817
1787871600,2511.67,1978.76894625
1787875200,2516.29,2728.02793771
1787878800,2512.78,4117.23579904
1787882400,2492.5,4138.66179108
1787886000,2490.75,1586.38797218
1787889600,2486.85,2449.07985767
1787893200,2494.06,1467.31705247
1787896800,2503.61,2043.50245995
1787900400,2496.6,2225.8169044
1787904000,2488.44,2293.26747801
1787907600,2490.17,1940.93003053
1787911200,2506.56,2058.73409013
1787914800,2505.35,2203.90745849
1787918400,2499.01,2717.2260916
1787922000,2509.98,5979.9222235
1787925600,2513.92,18050.78214818
1787929200,2471.84,10761.58620364
1787932800,2442.22,19561.5299623
1787936400,2443.81,4737.74861029
1787940000,2428.46,8468.28212016
1787943600,2436.15,8527.28042154
1787947200,2427.71,4342.87335123
1787950800,2424.96,1360.44821655
1787954400,2442.01,4138.21792579
1787958000,2442.79,1187.79336939
1787961600,2442.49,1515.04805304
1787965200,2443.62,485.83200758
1787968800,2438.78,864.81611068
1787972400,2435.11,774.93352017
1787976000,2440.59,1127.48316686
1787979600,2439.03,521.87740128
1787983200,2435.48,1058.22073337
1787986800,2436.32,418.32974672
1787990400,2434.49,539.61976589
1787994000,2435.31,443.07963448
1787997600,2434.88,457.38711813
1788001200,2435.87,402.33296516
1788004800,2434.78,676.48421294
1788008400,2435.76,766.23688576
1788012000,2448.67,1975.78774964
1788015600,2444.8,2271.99053724
1788019200,2450.84,3202.21652927
1788022800,2450.65,1847.84260751
1788026400,2452.46,1814.21112435
1788030000,2453.44,1897.22352169
1788033600,2452.77,1029.45085107
1788037200,2451.46,1281.32069836
1788040800,2452.34,754.64605211
1788044400,2457.68,1472.12945888
1788048000,2459.05,1403.3000431
1788051600,2456.76,1057.66908334
1788055200,2455.07,1171.07513089
1788058800,2457.35,837.88043235
1788062400,2456.16,1058.54669306
1788066000,2456.14,1080.83658201
1788069600,2461.19,765.663032
1788073200,2455.23,743.00053592
1788076800,2456.96,777.84422273
1788080400,2453.23,1529.16434743
1788084000,2459.3,1122.98145373
1788087600,2460.01,955.39318435
1788091200,2469,2806.07865942
1788094800,2475.42,2109.28281242
1788098400,2477.03,1444.7998614
1788102000,2481.02,2240.78953627
1788105600,2528.8,6741.99755853
1788109200,2505.48,5744.59162606
1788112800,2510.65,2717.38437643
1788116400,2503.39,1992.57635103
1788120000,2490.44,3288.44380566
1788123600,2481.7,5245.60706354
1788127200,2470.68,3259.95966801
1788130800,2416.86,11163.62389963
1788134400,2428.13,5200.38104115
1788138000,2412.86,3104.3348572
1788141600,2407.45,3368.20835736
1788145200,2420.81,1819.88457435
1788148800,2417.15,1895.01200773
1788152400,2435.77,3466.0448031
1788156000,2438.34,2723.30374037
1788159600,2440.33,2024.11046031
1788163200,2446.11,2363.03763355
1788166800,2446.14,1728.23578818
1788170400,2454.68,1385.59668697
1788174000,2445.75,1128.80641942
1788177600,2450.82,3060.00042849
1788181200,2439.37,5525.05484667
1788184800,2466.56,6513.94470841
1788188400,2467.22,6737.53740209
1788192000,2468.74,5008.92248908
1788195600,2474.98,5317.52374728
1788199200,2477.37,4589.06744279
1788202800,2481.76,8716.81095519
1788206400,2472.48,3740.1856455
1788210000,2478.09,2972.45643366
1788213600,2468.92,2542.50899297
1788217200,2467.29,1601.27113497
1788220800,2471.22,1999.64778147
1788224400,2462.29,2307.06361563
1788228000,2464.33,2031.12761942
1788231600,2471.6,2696.92163846
1788235200,2469.53,1768.51016234
1788238800,2484.07,1875.91566814
1788242400,2471.05,1778.06386961
1788246000,2472.02,2115.58549147
1788249600,2447.61,4190.49335154
1788253200,2451.61,2443.34348398
1788256800,2456.24,1232.39501599
1788260400,2458.38,1559.47616055
1788264000,2445.85,2116.63731775
1788267600,2443.75,6252.48285497
1788271200,2448.64,5617.29142584
1788274800,2448.02,3369.19524521
1788278400,2431.92,6317.77286531
1788282000,2417.71,4138.16900496
1788285600,2412,10008.54767973
1788289200,2417.8,4462.4755775
1788292800,2419.94,3366.5234056
1788296400,2414.25,3903.23523971
1788300000,2411.74,3263.04492508
1788303600,2417.25,3879.9283596
1788307200,2407.79,3261.57867676
1788310800,2398.18,3869.10055392
1788314400,2408.48,2379.89172179
1788318000,2413.19,1921.8380196
1788321600,2413.95,1237.68430057
1788325200,2421.41,1243.14292397
1788328800,2419.5,1925.47962514
1788332400,2416.53,1750.19258296
1788336000,2392.09,2733.7476854
1788339600,2375.54,5052.85874464
1788343200,2371.25,2997.51495919
1788346800,2380.52,2919.69989883
1788350400,2376.56,2324.14352312
1788354000,2401.72,5839.18606976
1788357600,2393.18,3695.54235502
1788361200,2389.9,6515.9289895
1788364800,2385.08,7203.45946856
1788368400,2392.54,4655.97118025
1788372000,2394.03,2604.42011184
1788375600,2392.05,2356.53697346
1788379200,2392.81,2758.57722665
1788382800,2389.65,1645.60205658
1788386400,2378.84,1772.75706074
1788390000,2390.83,1581.49241579
1788393600,2378.8,2123.16957085
1788397200,2385.71,3664.94490284
1788400800,2405.19,2554.67186213
1788404400,2402.3,1486.56985781
1788408000,2407.19,1817.07666642
1788411600,2403.88,3502.0516974
1788415200,2407.43,996.18597276
1788418800,2397.37,2027.67756264
1788422400,2402.36,1530.95362149
1788426000,2392.48,1189.98248125
1788429600,2395.76,894.55734296
1788433200,2405.95,2641.3867142
1788436800,2422.41,2947.63394866
1788440400,2429.59,5715.78785153
1788444000,2489.15,17609.97491834
1788447600,2516.88,20849.05671078
1788451200,2494.13,11702.01925508
1788454800,2500.49,6509.68930589
1788458400,2513.16,8956.8312133
1788462000,2518.43,16028.00264633
1788465600,2505.26,3268.55260619
1788469200,2511.56,4566.14109153
1788472800,2496.94,5743.20219193
1788476400,2507.47,3701.04502792
1788480000,2501.3,5414.22303749
1788483600,2506.64,3640.90664975
1788487200,2507.65,2192.1900287
1788490800,2504.84,2511.35963157
1788494400,2509.06,4022.39975003
1788498000,2508.95,2305.98415516
1788501600,2507.58,1801.23745147
1788505200,2504.18,1823.57997917
1788508800,2527.07,4842.18493621
1788512400,2520.69,6515.27681896
1788516000,2526.14,2871.92375785
1788519600,2522.98,2958.95032544
1788523200,2451.35,17625.61353191
1788526800,2451.87,9786.09211358
1788530400,2439.74,6215.81616808
1788534000,2452.07,3679.5411325
1788537600,2460.46,3196.75432812
1788541200,2445.48,3357.01356359
1788544800,2450.69,2131.61904066
1788548400,2456.1,6461.49963941
1788552000,2451.49,1930.18551557
1788555600,2452.68,2720.17818716
1788559200,2451.5,1749.96170245
1788562800,2456.6,1149.65525696
1788566400,2452.47,2190.69386978
1788570000,2452.28,1485.18237228
1788573600,2453.3,1303.22022652
1788577200,2452.93,1156.28123862
1788580800,2449.2,1134.09184329
1788584400,2451.27,1577.94720343
1788588000,2453.73,850.90322119
1788591600,2457.86,1023.75374855
1788595200,2456.92,1417.85686913
1788598800,2458.44,459.89352444
1788602400,2454.22,615.72816228
1788606000,2453.7,805.41300662
1788609600,2458.81,1182.99266833
1788613200,2454.53,2077.3301012
1788616800,2457.4,1009.37731475
1788620400,2460.41,1578.81606682
1788624000,2471.5,2763.96660579
1788627600,2481.31,3107.70208002
1788631200,2480.86,1972.6251081
1788634800,2477.68,2735.84897843
1788638400,2477.86,1891.23438223
1788642000,2488.84,2185.06270282
1788645600,2481.02,2290.6433039
1788649200,2480.61,1246.71064491
1788652800,2490.4,1696.04299346
1788656400,2505.81,3401.28782274
1788660000,2503.48,2020.69958978
1788663600,2509.66,2420.20206345
1788667200,2504.69,1729.9446861
1788670800,2513.62,3480.01716029
1788674400,2506.11,1943.09316881
1788678000,2497.52,3248.37878837
1788681600,2495.83,1085.02335019
1788685200,2499.31,1491.5903948
1788688800,2501.97,1104.90289982
1788692400,2502.24,1939.4575403
1788696000,2500.71,1399.77077445
1788699600,2494.75,1424.89229215
1788703200,2478.36,2882.03617289
1788706800,2479.85,1133.42490044
1788710400,2484.46,1548.7866198
1788714000,2491.27,1785.42968983
1788717600,2494.3,1464.66299698
1788721200,2490.53,1147.43204773
1788724800,2499.49,1476.80192303
1788728400,2507.38,3241.49424833
1788732000,2507.96,3845.55607216
1788735600,2514.31,3535.96887242
1788739200,2512.69,2489.65269861
1788742800,2503.41,2032.71539934
1788746400,2511.38,3566.36542577
1788750000,2497.4,2258.89250424
1788753600,2497.89,1725.96764314
1788757200,2504.54,1401.86647063
1788760800,2498,974.37806378
1788764400,2489.1,5665.9522684
1788768000,2491.2,1562.87512444
1788771600,2484.7,1325.99202223
1788775200,2488.77,879.76501963
1788778800,2488.99,1163.14194123
1788782400,2505.18,1491.39798651
1788786000,2498.64,2474.21496564
1788789600,2489.82,3447.51206347
1788793200,2470.03,4834.77921615
1788796800,2482.54,3893.48707345
1788800400,2494.98,1310.9678672
1788804000,2491.13,995.34148233
1788807600,2495.55,993.93301371
1788811200,2494.5,1754.44781043
1788814800,2490.46,1292.93102305
1788818400,2482.32,3335.14837014
1788822000,2489.62,1428.03936567
1788825600,2495.31,1627.99069587
1788829200,2503.69,1367.54670716
1788832800,2484.06,2569.29721018
1788836400,2485.29,4267.89014709
1788840000,2478.52,1521.40671888
1788843600,2472.66,2323.56753838
1788847200,2467.6,2627.49529707
1788850800,2478.93,5785.51364094
1788854400,2476.81,1416.78970453
1788858000,2491.19,2251.32833223
1788861600,2480.34,2206.92370542
1788865200,2473.78,1467.38370172
1788868800,2471.86,2404.1607777
1788872400,2458.49,9523.51602621
1788876000,2485.19,4224.55987347
1788879600,2498.27,5126.1784059
1788883200,2496.43,4154.99798599
1788886800,2487.88,3365.42009842
1788890400,2486.72,5845.86397727
1788894000,2482.2,4452.99754085
1788897600,2483.08,2023.58496755
1788901200,2482.55,1505.50507191
1788904800,2488.58,3174.46878492
1788908400,2485.02,1485.6597888
1788912000,2496.28,1556.9642934
1788915600,2497.45,1856.19041686
1788919200,2493.67,1790.84599258
1788922800,2488.72,1338.17504855
1788926400,2508.87,2860.05300445
1788930000,2495.85,1595.50299194
1788933600,2500.88,965.75649182
1788937200,2510.39,2421.25385102
1788940800,2519.71,3529.92996518
1788944400,2490.02,2559.59126593
1788948000,2487.14,1705.77241872
1788951600,2500.15,1671.54280553
1788955200,2511.21,2977.44949696
1788958800,2502.33,8466.47809785
1788962400,2498.85,7045.10722178
1788966000,2489.72,10028.16968579
1788969600,2495.55,3767.13508389
1788973200,2493.25,2647.39879314
1788976800,2480.86,2835.76936994
1788980400,2464.71,4727.60512051
1788984000,2471.12,4705.5663607
1788987600,2461.44,2469.26732404
1788991200,2449.5,3821.88776107
1788994800,2467.5,2116.54465707
1788998400,2464.04,2430.30282428
1789002000,2462.92,1623.26732407
1789005600,2474.01,970.52959521
1789009200,2474.5,1671.47596162
1789012800,2477.41,1790.67860467
1789016400,2481.28,1477.56046222
1789020000,2479.6,889.5942754
1789023600,2472.22,1567.85635197
1789027200,2470.62,1950.54075929
1789030800,2467.92,1832.51158582
1789034400,2463.36,1782.07337692
1789038000,2461.45,2461.59410795
1789041600,2413.9,11797.18018177
1789045200,2434.52,27319.20980154
1789048800,2443.23,9545.73840881
1789052400,2440.59,6450.47444654
1789056000,2447.53,6762.85962285
1789059600,2465.59,8657.07908168
1789063200,2467.51,5329.13980777
1789066800,2461.8,4598.19545068
1789070400,2460.78,1760.31163818
1789074000,2459.69,1344.56746023
1789077600,2444.31,3104.31480224
1789081200,2437.36,3886.68440932
1789084800,2455.99,2981.00843312
1789088400,2453.64,2351.59083198
1789092000,2446.22,2245.72984635
1789095600,2446.19,1417.43860514
1789099200,2458.27,2601.46795522
1789102800,2467.65,2300.88042637
1789106400,2466.16,2572.89821462
1789110000,2466.49,3327.19335263
1789113600,2475.71,4403.85115715
1789117200,2468.31,2187.28627198
1789120800,2461.01,1781.07172868
1789124400,2457.52,2763.34847983
1789128000,2510.21,19249.95186067
1789131600,2629.32,35524.54915358
1789135200,2607.08,55323.6038562
1789138800,2558.8,29614.01900583
1789142400,2577.01,27215.3147806
1789146000,2566.14,8830.47413916
1789149600,2536.86,15476.25952905
1789153200,2539.33,10486.86512341
1789156800,2530.06,7473.41914627
1789160400,2516.06,4518.18797465
1789164000,2511.46,10310.82915445
1789167600,2516.29,3996.65902857
1789171200,2510.28,2532.63549379
1789174800,2513.34,2164.72014635
1789178400,2514.39,1810.49555921
1789182000,2513.11,2132.26330808
1789185600,2512.43,1394.2197483
1789189200,2511.46,1398.23741902
1789192800,2519.05,1482.16434475
1789196400,2523.63,635.48582605
1789200000,2533.05,1726.60409458
1789203600,2530.55,2774.5630738
1789207200,2533.09,1074.05294103
1789210800,2536.08,1224.19876584
1789214400,2535.22,1872.52664161
1789218000,2544.02,3316.43814876
1789221600,2539.16,3237.77039145
1789225200,2534.51,2708.24583708
1789228800,2531.34,1443.77774244
1789232400,2525.35,1182.79648881
1789236000,2522,2000.17365676
1789239600,2518.92,2009.7886948
1789243200,2520.05,1298.94034182
1789246800,2523.36,1494.83879193
1789250400,2522.64,1280.32231415
1789254000,2525.35,730.13200252
1789257600,2524.42,616.20450245
1789261200,2525.24,1523.15821673
1789264800,2521.09,1077.81953849
1789268400,2520.16,1176.81971206
1789272000,2519.7,960.53180991
1789275600,2522.15,572.46090698
1789279200,2512.37,911.98411639
1789282800,2517.02,1034.01797109
1789286400,2493.52,4965.15467412
1789290000,2484,4872.80148756
1789293600,2471.63,2619.24531143
1789297200,2480.79,3014.10955604
1789300800,2476.59,1438.72589229
1789304400,2478.37,2350.35977977
1789308000,2491.93,1890.61875739
1789311600,2490.2,1661.88391425
1789315200,2504.02,1959.59623199
1789318800,2504.3,3562.00168299
1789322400,2508.5,5383.47146488
1789326000,2505.1,1209.85149107
1789329600,2512.19,873.78161753
1789333200,2507.82,943.82515777
1789336800,2474.57,7128.64675142
1789340400,2475.86,3822.98987311
1789344000,2483.13,3704.04021559
1789347600,2491.94,1672.32845677
1789351200,2510.31,6136.28204321
1789354800,2511.76,4367.83668187
1789358400,2513.85,1883.13630962
1789362000,2515.49,1080.60588698
1789365600,2513.38,2477.51077728
1789369200,2521.75,2010.58369581
1789372800,2517.5,3234.16115593
1789376400,2522.89,3832.01431675
1789380000,2512.14,1544.53558927
1789383600,2508.06,1965.3847742
1789387200,2504.19,2994.26529849
1789390800,2499.17,9662.39097674
1789394400,2500.87,8652.06992687
1789398000,2507.65,9432.85469782
1789401600,2528.67,7996.22633817
1789405200,2533.46,6898.60413226
1789408800,2539.05,11738.32238548
1789412400,2539.69,7434.26911697
1789416000,2570.51,16515.21218082
1789419600,2546.57,9838.76744962
1789423200,2532.87,6050.91707741
1789426800,2515.43,4378.82462746
1789430400,2515.65,4843.01677121
1789434000,2515.09,2258.80318861
1789437600,2511.71,1368.18491418
1789441200,2498.21,2310.49173743
1789444800,2490.25,1700.52581156
1789448400,2495.97,2012.88309521
1789452000,2485.52,1498.51305032
1789455600,2472.9,8236.98113374
1789459200,2476.23,9366.05484009
1789462800,2473.52,2528.15466485
1789466400,2482.67,4689.21993412
1789470000,2475.25,3511.56530329
1789473600,2478.28,4939.7048656
1789477200,2452.49,29701.80084883
1789480800,2406.88,32595.71856148
1789484400,2423.2,11066.27549572
1789488000,2420.88,5516.89253611
1789491600,2439.61,10416.55313131
1789495200,2401.21,31497.45256217
1789498800,2414.78,12487.22762469
1789502400,2405.86,9556.34076496
1789506000,2389.13,6289.90199571
1789509600,2395.16,7697.50253124
1789513200,2396.14,4308.92929626
1789516800,2396.94,4293.34559785
1789520400,2389.09,2217.86555273
1789524000,2401.16,2265.51317136
1789527600,2400.09,1904.33242423
1789531200,2401.99,3126.1075335
1789534800,2405.33,3230.93631555
1789538400,2404.53,1952.00551166
1789542000,2394.9,2464.30251592
1789545600,2400.99,4310.04484628
1789549200,2403.9,2139.02511851
1789552800,2404.33,2154.55721244
1789556400,2420.53,3779.35188724
1789560000,2404.76,2933.02960039
1789563600,2392.11,7134.01826667
1789567200,2388.6,11421.2580963
1789570800,2391.29,8750.59699528
1789574400,2389.93,3195.14922449
1789578000,2387.34,8649.8046481
1789581600,2395.54,24436.24817666
1789585200,2406.2,11028.01539862
1789588800,2408.58,3873.11852552
1789592400,2402.85,2159.38081163
1789596000,2390.7,3898.90626686
1789599600,2416.57,4138.97966254
1789603200,2416.6,3049.36749829
1789606800,2425.4,3724.3439257
1789610400,2427.01,3101.05128478
1789614000,2433.41,2036.37192284
1789617600,2439.99,1879.633469
1789621200,2434.72,1749.14632859
1789624800,2439.05,1565.31469446
1789628400,2442.05,3178.24043704
1789632000,2443.23,2016.57386506
1789635600,2436.6,1979.44733156
1789639200,2433.37,1824.30300553
1789642800,2440.2,2343.9012234
1789646400,2457.64,10547.81192682
1789650000,2460.06,6001.44748745
1789653600,2459.16,9124.69608271
1789657200,2468.32,6294.9529099
1789660800,2468.21,5588.80020374
1789664400,2460.67,5993.90532268
1789668000,2449.69,4170.63873921
1789671600,2447.37,4079.69243045
1789675200,2451.42,2477.50767897
1789678800,2445.43,2301.14176181
1789682400,2443.87,3266.97159535
1789686000,2445.44,2170.27394571
1789689600,2446.18,3078.37486091
1789693200,2454.85,2360.86439609
1789696800,2460.67,2140.8358802
1789700400,2476.89,5694.1298964
1789704000,2480.1,2311.07628975
1789707600,2478.37,4111.25319749
1789711200,2484.92,3094.62429194
1789714800,2487.6,3985.78277945
1789718400,2503.01,4701.3638812
1789722000,2505.76,6403.60440393
1789725600,2511.26,3862.92824799
1789729200,2505.8,3348.54722869
1789732800,2500.09,3785.42422244
1789736400,2552.79,16658.42573716
1789740000,2581.46,26573.56229888
1789743600,2583.22,19028.45174286
1789747200,2596.42,25855.21452487
1789750800,2606.41,15592.43944329
1789754400,2612.39,18863.79293693
1789758000,2636.14,27765.32187434
1789761600,2631.54,8010.90419906
1789765200,2626.27,4633.4991773
1789768800,2619.7,5195.08454976
1789772400,2611.34,4932.74609408
1789776000,2626.2,4451.46296275
1789779600,2612.45,4446.87484924
1789783200,2622.64,3593.72474721
1789786800,2619.09,2317.11170851
1789790400,2619.18,1974.22682264
1789794000,2628.09,1908.26154985
1789797600,2626.3,1776.89191408
1789801200,2626.24,1236.66684456
1789804800,2644.4,5503.14687251
1789808400,2640.19,3543.97568334
1789812000,2637.41,1713.99526419
1789815600,2638.6,1866.81528428
1789819200,2641.55,2165.04369313
1789822800,2637.63,3081.94638847
1789826400,2638.17,2803.15014584
1789830000,2640.59,3277.12149219
1789833600,2649.87,3529.01632297
1789837200,2645,3460.58369126
1789840800,2638.4,2025.85527743
1789844400,2634.33,1616.85325118
1789848000,2635.38,1255.65884227
1789851600,2627.16,2048.43728172
1789855200,2630.3,1799.61394863
1789858800,2631.7,1277.77566577
1789862400,2626.19,1773.91126717
1789866000,2618.39,1683.77328909
1789869600,2573.49,9292.89936344
1789873200,2587.18,2770.43589908
1789876800,2578.68,2435.97376375
1789880400,2577.16,1667.91665563
1789884000,2573.26,1052.12339744
1789887600,2576.04,993.96120818
1789891200,2573.88,1349.48022077
1789894800,2578.8,1037.50072051
1789898400,2570.14,1150.1586871
1789902000,2577.71,1326.26862319
1789905600,2579.41,1512.99390703
1789909200,2580.01,1471.79356638
1789912800,2584.88,1631.78696666
1789916400,2612.48,4651.70377661
1789920000,2640.3,6570.16713032
1789923600,2626.26,4973.89101761
1789927200,2625.6,3288.69403652
1789930800,2632.97,4450.7516263
1789934400,2634.4,2941.18699049
1789938000,2630.59,4773.71986772
1789941600,2638.84,4638.15111356
1789945200,2644.31,3049.49528353
1789948800,2688.6,13180.7268918
1789952400,2647.57,7507.83231548
1789956000,2661.14,3655.44266173
1789959600,2665.22,1868.20682532
1789963200,2663.18,2132.63886642
1789966800,2664.64,1580.26366984
1789970400,2662.79,1998.97160604
1789974000,2661.26,3019.28206886
1789977600,2695.48,8443.02428705
1789981200,2720.01,10817.66491613
1789984800,2715.22,4068.92333135
1789988400,2724.53,3889.12183844
1789992000,2734.57,7828.0655103
1789995600,2731.12,17445.57685286
1789999200,2736.11,17429.70904806
1790002800,2755.32,15801.48445229
1790006400,2754.59,10932.72849503
1790010000,2743.28,8752.26373838
1790013600,2758.18,4841.74608745
1790017200,2762.05,9080.08061922
1790020800,2784.09,8383.65873258
1790024400,2768.01,4203.62049268
1790028000,2778.65,4877.7102762
1790031600,2775.58,4490.54967897
1790035200,2754,5758.27861152
1790038800,2748.21,6387.89470529
1790042400,2739.23,3760.11020788
1790046000,2738.81,3786.74813836
1790049600,2728.8,2908.68381537
1790053200,2732.68,2702.16873601
1790056800,2730.01,1467.49383907
1790060400,2726.13,1887.38808098
1790064000,2748.33,5284.83485777
1790067600,2750.21,2744.58429982
1790071200,2741.21,1011.52801001
1790074800,2741.62,1917.73938565
1790078400,2756.08,3805.56109589
1790082000,2758.03,7339.48410906
1790085600,2741.99,13548.54074815
1790089200,2743.89,5827.50884461
1790092800,2745.65,6906.56384301
1790096400,2754.05,12940.82825409
1790100000,2752.25,6343.51782165
1790103600,2751.55,11436.5181518
1790107200,2752.1,2976.45063475
1790110800,2747.31,3536.39167699
1790114400,2752.8,4850.18231658
1790118000,2753.38,5640.85313773
1790121600,2759.61,4003.21941608
1790125200,2753.14,4267.35208573
1790128800,2762.09,1910.87752001
1790132400,2773.68,3067.10568605
1790136000,2779.29,2785.3861758
1790139600,2757.27,1687.87618183
1790143200,2754.04,952.45972174
1790146800,2742.78,4719.32062221
1790150400,2734.64,6373.66125952
1790154000,2733.15,3941.93072731
1790157600,2737.43,2781.58269613
1790161200,2727.25,3425.29776002
1790164800,2721.19,3680.5530941
1790168400,2715.19,7782.87406122
1790172000,2675.54,33606.05399898
1790175600,2656.32,6313.00866629
1790179200,2660.31,7283.52611428
1790182800,2667.57,5852.29707233
1790186400,2668.5,4644.52945849
1790190000,2678,6043.54344283
1790193600,2671.12,2291.87169293
1790197200,2677.13,3311.68362743
1790200800,2689.53,3775.26919866
1790204400,2683.88,2043.10147918
1790208000,2682.09,2380.97102667
1790211600,2674.59,5293.82817339
1790215200,2685.17,4205.48945014
1790218800,2676.19,2242.76457321
1790222400,2681.26,2671.80482569
1790226000,2681.93,2072.07432783
1790229600,2685.61,1611.72179942
1790233200,2692.98,4503.41222001
1790236800,2668.36,3467.71799235
1790240400,2641.73,5773.41298134
1790244000,2647.64,3668.64534463
1790247600,2646.68,4990.57414867
1790251200,2647.94,2140.54547144
1790254800,2669.24,6145.32718715
1790258400,2656.91,8068.75487134
1790262000,2683.12,4817.12458003
1790265600,2686.4,10200.82814616
1790269200,2668.73,5418.39751284
1790272800,2689.14,5998.50279541
1790276400,2696.2,4207.00146856
1790280000,2687.44,2073.88931691
1790283600,2686.09,1673.80758497
1790287200,2684.75,2891.53952051
1790290800,2687.28,1726.86764379
1790294400,2689.73,2253.58285545
1790298000,2689.2,2454.30469998
1790301600,2676.14,2752.60681562
1790305200,2678.25,1952.8159075
1790308800,2679.75,2676.79818063
1790312400,2679.71,2131.42064889
1790316000,2674.09,1969.32327132
1790319600,2672.23,2932.69982098
1790323200,2690.58,4179.26140877
1790326800,2704.06,5991.9033612
1790330400,2713.85,4420.99200129
1790334000,2717.04,7643.78159606
1790337600,2717.2,8898.67151434
1790341200,2694.51,9422.7909456
1790344800,2695.43,10756.91460611
1790348400,2686.42,12577.88579575
1790352000,2682.98,6919.12723522
1790355600,2685.36,4880.07680761
1790359200,2692.98,2504.87495465
1790362800,2692.7,3044.39507986
1790366400,2683.84,1702.00769629
1790370000,2681.15,1401.97358502
1790373600,2691.31,1529.11950404
1790377200,2691.4,675.56321237
1790380800,2686.71,1259.194293
1790384400,2692.31,2074.44545322
1790388000,2690.49,919.57533697
1790391600,2687.37,761.21110176
1790395200,2689.14,653.64526796
1790398800,2686.15,719.42320293
1790402400,2685.22,741.64239192
1790406000,2690.71,636.02828128
1790409600,2690.43,1001.53436473
1790413200,2682.22,629.16779593
1790416800,2686.92,898.03178107
1790420400,2688.99,667.7536984
1790424000,2688.4,1077.26940326
1790427600,2686.23,1441.57203955
1790431200,2688.54,1037.63101905
1790434800,2692.5,1432.49994142
1790438400,2691.01,1108.81126133
1790442000,2690,1067.30502105
1790445600,2684.76,752.69116039
1790449200,2683.96,3050.91827248
1790452800,2676.26,2501.85528962
1790456400,2685.91,1701.79364684
1790460000,2688.15,1221.51047696
1790463600,2695.53,1162.82277013
1790467200,2693.15,3571.98443745
1790470800,2701.11,2575.96447367
1790474400,2697.3,1230.41768303
1790478000,2695.87,1178.20687054
1790481600,2691.51,1928.27349847
1790485200,2704,946.41947035
1790488800,2705.79,788.63252634
1790492400,2717.71,1367.85289125
1790496000,2713.41,1518.01542581
1790499600,2715.36,1293.49827179
1790503200,2709.55,1190.80114271
1790506800,2709.13,702.10667849
1790510400,2706.9,801.65262195
1790514000,2709.37,3409.97167728
1790517600,2687.43,9387.73314082
1790521200,2689.5,2333.40078598
1790524800,2685.9,1581.73254683
1790528400,2690.59,1537.08541368
1790532000,2697.64,1379.22522113
1790535600,2691.01,1307.14276728
1790539200,2685.53,1309.36054173
1790542800,2684.07,1653.81554669
1790546400,2675.05,2432.43541797
1790550000,2688.23,1894.13655157
1790553600,2673.27,2491.61713737
1790557200,2669.8,1381.81865406
